Type,sourceCode,sourceName,sourceFrequency,sourceAutoAssignedConceptIds,codeSet,code,matchScore,mappingStatus,equivalence,statusSetBy,statusSetOn,conceptId,conceptName,domainId,mappingType,comment,createdBy,createdOn
non-surgical,1074958500,REPAIR OF REDUCIBLE UMBILICAL HERNIA,771,,,,1,APPROVED,EQUAL,Sharon Nirenberg,1.6251E+12,2109508,"Repair umbilical hernia, age 5 years or older; reducible",Procedure,MAPS_TO,,<auto>,1.62499E+12
non-surgical,1072980600,"ARTHROSCOPY, SHOULDER, SURGICAL; CAPSULORRHAPHY",593,,,,1,APPROVED,EQUAL,Sharon Nirenberg,1.6251E+12,2105939,"Arthroscopy, shoulder, surgical; capsulorrhaphy",Procedure,MAPS_TO,,<auto>,1.62499E+12
non-surgical,1071932500,BREAST AUGMENTATION WITH IMPLANT,551,,,,0.78,APPROVED,EQUAL,Sharon Nirenberg,1.6251E+12,2102740,"Mammaplasty, augmentation; with prosthetic implant",Procedure,MAPS_TO,,Sharon Nirenberg,1.62499E+12
non-surgical,1073013000,PARTIAL EXCISION OF INFERIOR TURBINATE,868,,,,1,APPROVED,EQUAL,Sharon Nirenberg,1.6251E+12,2106156,"Excision inferior turbinate, partial or complete, any method",Procedure,MAPS_TO,,Sharon Nirenberg,1.625E+12
non-surgical,1075856100,SURGICAL HYSTEROSCOPY WITH REMOVAL OF LEIOMYOMA,1311,,,,1,APPROVED,EQUAL,Sharon Nirenberg,1.6251E+12,2110225,"Hysteroscopy, surgical; with removal of leiomyomata",Procedure,MAPS_TO,,<auto>,1.62499E+12
non-surgical,1076178200,STEREOTACTIC COMPUTER-ASSISTED CRANIAL EXTRADURAL PROCEDURE,1982,,,,1,APPROVED,EQUAL,Sharon Nirenberg,1.62509E+12,40757148,"Stereotactic computer-assisted (navigational) procedure; cranial, extradural (List separately in addition to code for primary procedure)",Procedure,MAPS_TO,,<auto>,1.62499E+12
non-surgical,1073857100,SURGICAL LAPAROSCOPY WITH BILATERAL EXCISION OF ALL PELVIC LYMPH NODES,2618,,,,1,APPROVED,EQUAL,Sharon Nirenberg,1.62507E+12,2108477,"Laparoscopy, surgical; with bilateral total pelvic lymphadenectomy",Procedure,MAPS_TO,,<auto>,1.62499E+12
non-surgical,1071935700,"TISSUE EXPANDER PLACEMENT IN BREAST RECONSTRUCTION, INCLUDING SUBSEQUENT EXPANSION(S)",927,,,,0.69,APPROVED,EQUAL,Sharon Nirenberg,1.6251E+12,2102757,"Breast reconstruction, immediate or delayed, with tissue expander, including subsequent expansion",Procedure,MAPS_TO,,<auto>,1.62499E+12
non-surgical,1074420500,"SURGICAL LAPAROSCOPY WITH PARTIAL COLECTOMY, REMOVAL OF TERMINAL ILEUM, AND ILEOCOLOSTOMY",688,,,,1,APPROVED,EQUAL,Sharon Nirenberg,1.6251E+12,2109066,"Laparoscopy, surgical; colectomy, partial, with removal of terminal ileum with ileocolostomy",Procedure,MAPS_TO,,<auto>,1.62499E+12
non-surgical,1071937100,"PERI-IMPLANT CAPSULECTOMY, BREAST, COMPLETE, INCLUDING REMOVAL OF ALL INTRACAPSULAR CONTENTS",1045,,,,0.42,APPROVED,EQUAL,Sharon Nirenberg,1.6251E+12,2102775,"Periprosthetic capsulectomy, breast",Procedure,MAPS_TO,,Sharon Nirenberg,1.6251E+12
non-surgical,1075008000,PERCUTANEOUS PYELOSTOLITHOTOMY WITH STENTING,771,,,,1,APPROVED,EQUAL,Sharon Nirenberg,1.6251E+12,2109557,"Percutaneous nephrostolithotomy or pyelostolithotomy, with or without dilation, endoscopy, lithotripsy, stenting, or basket extraction; up to 2 cm",Procedure,MAPS_TO,,Sharon Nirenberg,1.6251E+12
non-surgical,1071104200,"DEBRIDEMENT OF SUBCUTANEOUS TISSUE, INCLUDING EPIDERMIS AND DERMIS, FIRST 20 SQUARE CMS OR LESS",1253,,,,1,APPROVED,EQUAL,Sharon Nirenberg,1.6251E+12,2101925,"Debridement, subcutaneous tissue (includes epidermis and dermis, if performed); first 20 sq cm or less",Procedure,MAPS_TO,,<auto>,1.62499E+12
non-surgical,1073682100,OPEN DIRECT ARTERIOVENOUS ANASTOMOSIS,1309,,,,1,APPROVED,EQUAL,Sharon Nirenberg,1.6251E+12,2108292,"Arteriovenous anastomosis, open; direct, any site (eg, Cimino type) (separate procedure)",Procedure,MAPS_TO,,<auto>,1.62499E+12
non-surgical,1073722500,UNILATERAL PERCUTANEOUS ENDOVASCULAR REVASCULARIZATION OF POPLITEAL ARTERY WITH ATHERECTOMY AND ANGIOPLASTY,678,,,,1,APPROVED,EQUAL,Sharon Nirenberg,1.6251E+12,40756872,"Revascularization, endovascular, open or percutaneous, femoral, popliteal artery(s), unilateral; with atherectomy, includes angioplasty within the same vessel, when performed",Procedure,MAPS_TO,,<auto>,1.62499E+12
non-surgical,1073162800,"BRONCHOSCOPY, RIGID OR FLEXIBLE, INCLUDING FLUOROSCOPIC GUIDANCE, WHEN PERFORMED; WITH TRANSBRONCHIAL LUNG BIOPSY(S), SINGLE LOBE",754,,,,1,APPROVED,EQUAL,Sharon Nirenberg,1.6251E+12,2106588,"Bronchoscopy, rigid or flexible, including fluoroscopic guidance, when performed; with transbronchial lung biopsy(s), single lobe",Procedure,MAPS_TO,,<auto>,1.62499E+12
non-surgical,1073722400,UNILATERAL PERCUTANEOUS ENDOVASCULAR REVASCULARIZATION OF POPLITEAL ARTERY WITH TRANSLUMINAL ANGIOPLASTY,1469,,,,1,APPROVED,EQUAL,Sharon Nirenberg,1.62509E+12,40756934,"Revascularization, endovascular, open or percutaneous, femoral, popliteal artery(s), unilateral; with transluminal angioplasty",Procedure,MAPS_TO,,<auto>,1.62499E+12
non-surgical,1073350800,SURGICAL ENDOSCOPY WITH HARVEST OF VEIN FOR CORONARY ARTERY BYPASS PROCEDURE USING VIDEO GUIDANCE,1422,,,,1,APPROVED,EQUAL,Sharon Nirenberg,1.62509E+12,2107214,"Endoscopy, surgical, including video-assisted harvest of vein(s) for coronary artery bypass procedure (List separately in addition to code for primary procedure)",Procedure,MAPS_TO,,<auto>,1.62499E+12
non-surgical,1071934000,"INSERTION OF BREAST IMPLANT ON SAME DAY OF MASTECTOMY (IE, IMMEDIATE)",588,,,,0.45,APPROVED,EQUAL,Sharon Nirenberg,1.6251E+12,2102753,"Immediate insertion of breast prosthesis following mastopexy, mastectomy or in reconstruction",Procedure,MAPS_TO,,<auto>,1.62499E+12
non-surgical,1074324200,"UPPER GASTROINTESTINAL ENDOSCOPY OF ESOPHAGUS, STOMACH, DUODENUM AND JEJUNUM WITH ENDOSCOPIC ULTRASOUND GUIDED INTRAMURAL FINE NEEDLE BIOPSY",1296,,,,1,APPROVED,EQUAL,Sharon Nirenberg,1.6251E+12,2108890,"Esophagogastroduodenoscopy, flexible, transoral; with transendoscopic ultrasound-guided intramural or transmural fine needle aspiration/biopsy(s) (includes endoscopic ultrasound examination of the esophagus, stomach, and either the duodenum or a surgicall",Procedure,MAPS_TO,,<auto>,1.62499E+12
non-surgical,1073690100,"INTRO.OF NEEDLE/CATH.DIALYSIS CIRCUIT,W/DX.ANGIOGRAPHY W/ALL NECESSARY IMAGING",548,,,,0.31,APPROVED,EQUAL,Sharon Nirenberg,1.6251E+12,42628575,"Introduction of needle(s) and/or catheter(s), dialysis circuit, with diagnostic angiography of the dialysis circuit, including all direct puncture(s) and catheter placement(s), injection(s) of contrast, all necessary imaging from the arterial anastomosis ",Procedure,MAPS_TO,,Sharon Nirenberg,1.6251E+12
non-surgical,1072284000,POSTERIOR NON-SEGMENTAL INSTRUMENTATION OF VERTEBRA BY SUBLAMINAR WIRING AT C1,865,,,,1,APPROVED,EQUAL,Sharon Nirenberg,1.6251E+12,2103541,"Posterior non-segmental instrumentation (eg, Harrington rod technique, pedicle fixation across 1 interspace, atlantoaxial transarticular screw fixation, sublaminar wiring at C1, facet screw fixation) (List separately in addition to code for primary proced",Procedure,MAPS_TO,,<auto>,1.62499E+12
non-surgical,1072093000,PLACEMENT OF OSTEOPROMOTIVE MATERIAL FOR SPINAL SURGERY,1935,,,,1,APPROVED,EQUAL,Sharon Nirenberg,1.62509E+12,2102976,"Allograft, morselized, or placement of osteopromotive material, for spine surgery only (List separately in addition to code for primary procedure)",Procedure,MAPS_TO,,<auto>,1.62499E+12
non-surgical,1079594000,IONM 1 ON 1 IN OR W/ATTENDANCE EACH 15 MINUTES,682,,,,1,APPROVED,EQUAL,Sharon Nirenberg,1.6251E+12,43528024,"Continuous intraoperative neurophysiology monitoring in the operating room, one on one monitoring requiring personal attendance, each 15 minutes (List separately in addition to code for primary procedure)",Procedure,MAPS_TO,,<auto>,1.62499E+12
non-surgical,1073052000,SUBMUCOUS RESECTION OF NASAL SEPTUM WITH REPLACEMENT USING GRAFT,2599,,,,1,APPROVED,EQUAL,Sharon Nirenberg,1.62507E+12,2106257,"Septoplasty or submucous resection, with or without cartilage scoring, contouring or replacement with graft",Procedure,MAPS_TO,,<auto>,1.62499E+12
non-surgical,1073655800,INSERTION OF TUNNELED CENTRALLY INSERTED CENTRAL VENOUS CATHETER,1040,,,,1,APPROVED,EQUAL,Sharon Nirenberg,1.6251E+12,2108202,"Insertion of tunneled centrally inserted central venous catheter, without subcutaneous port or pump; age 5 years or older",Procedure,MAPS_TO,,Sharon Nirenberg,1.6251E+12
non-surgical,1071577700,IMPLANTATION OF BIOLOGIC IMPLANT FOR REINFORCEMENT OF SOFT TISSUE OF TRUNK,922,,,,1,APPROVED,EQUAL,Sharon Nirenberg,1.6251E+12,42742492,"Implantation of biologic implant (eg, acellular dermal matrix) for soft tissue reinforcement (ie, breast, trunk) (List separately in addition to code for primary procedure)",Procedure,MAPS_TO,,<auto>,1.62499E+12
non-surgical,1074692400,DESTRUCTION OF LESION OF ANUS,863,,,,1,APPROVED,EQUAL,Sharon Nirenberg,1.6251E+12,2109295,"Destruction of lesion(s), anus (eg, condyloma, papilloma, molluscum contagiosum, herpetic vesicle), extensive (eg, laser surgery, electrosurgery, cryosurgery, chemosurgery)",Procedure,MAPS_TO,,Sharon Nirenberg,1.6251E+12
non-surgical,1070017000,ANESTHESIA FOR INTRAORAL PROCEDURES;INCLUDE BIOPSY NOT OTHERWISE SPECIFIED,1239,,,,0.72,APPROVED,EQUAL,Sharon Nirenberg,1.6251E+12,2100680,"Anesthesia for intraoral procedures, including biopsy; not otherwise specified",Procedure,MAPS_TO,,<auto>,1.62499E+12
non-surgical,1073343000,"REPLACEMENT OF MITRAL VALVE, WITH CARDIOPULMONARY BYPASS",586,,,,1,APPROVED,EQUAL,Sharon Nirenberg,1.6251E+12,2107159,"Replacement, mitral valve, with cardiopulmonary bypass",Procedure,MAPS_TO,,<auto>,1.62499E+12
non-surgical,1073266600,SURGICAL THORACOSCOPY WITH THERAPEUTIC WEDGE RESECTION,547,,,,1,APPROVED,EQUAL,Sharon Nirenberg,1.6251E+12,42742513,"Thoracoscopy, surgical; with therapeutic wedge resection (eg, mass, nodule), initial unilateral",Procedure,MAPS_TO,,<auto>,1.62499E+12
non-surgical,1074965200,SURGICAL LAPAROSCOPY WITH REPAIR OF REDUCIBLE VENTRAL HERNIA USING MESH,1300,,,,1,APPROVED,EQUAL,Sharon Nirenberg,1.6251E+12,2109518,"Laparoscopy, surgical, repair, ventral, umbilical, spigelian or epigastric hernia (includes mesh insertion, when performed); reducible",Procedure,MAPS_TO,,<auto>,1.62499E+12
non-surgical,1076161800,SECONDARY REPAIR OF DURA FOR CEREBROSPINAL FLUID LEAK IN POSTERIOR CRANIAL FOSSA USING TENSOR FASCIA LATA GRAFT,678,,,,1,APPROVED,EQUAL,Sharon Nirenberg,1.6251E+12,2110514,"Secondary repair of dura for cerebrospinal fluid leak, anterior, middle or posterior cranial fossa following surgery of the skull base; by free tissue graft (eg, pericranium, fascia, tensor fascia lata, adipose tissue, homologous or synthetic grafts)",Procedure,MAPS_TO,,<auto>,1.62499E+12
non-surgical,1071930100,"MASTECTOMY, PARTIAL (EG, LUMPECTOMY, TYLECTOMY, QUADRANTECTOMY, SEGMENTECTOMY)",2527,,,,1,APPROVED,EQUAL,Sharon Nirenberg,1.62507E+12,2102720,"Mastectomy, partial (eg, lumpectomy, tylectomy, quadrantectomy, segmentectomy)",Procedure,MAPS_TO,,<auto>,1.62499E+12
non-surgical,1071912000,"EXCISION OF CYST, FIBROADENOMA, OR OTHER BENIGN OR MALIGNANT TUMOR, ABERRANT BREAST TISSUE, DUCT LESION, NIPPLE OR AREOLAR LESION, OPEN, MALE OR FEMALE, 1 OR MORE LESIONS",768,,,,0.86,APPROVED,EQUAL,Sharon Nirenberg,1.6251E+12,2102679,"Excision of cyst, fibroadenoma, or other benign or malignant tumor, aberrant breast tissue, duct lesion, nipple or areolar lesion (except 19300), open, male or female, 1 or more lesions",Procedure,MAPS_TO,,<auto>,1.62499E+12
non-surgical,1075235300,CYSTOURETHROSCOPY WITH URETEROSCOPY AND PYELOSCOPY AND LITHOTRIPSY,918,,,,1,APPROVED,EQUAL,Sharon Nirenberg,1.6251E+12,2109817,"Cystourethroscopy, with ureteroscopy and/or pyeloscopy; with lithotripsy (ureteral catheterization is included)",Procedure,MAPS_TO,,<auto>,1.62499E+12
non-surgical,1073127600,SURGICAL ENDOSCOPY OF NOSE AND SINUS WITH EXPLORATION OF FRONTAL SINUS AND REMOVAL OF TISSUE FROM FRONTAL SINUS,1459,,,,1,APPROVED,EQUAL,Sharon Nirenberg,1.62509E+12,2106410,"Nasal/sinus endoscopy, surgical, with frontal sinus exploration, including removal of tissue from frontal sinus, when performed",Procedure,MAPS_TO,,<auto>,1.62499E+12
non-surgical,1071931600,MASTOPEXY,675,,,,1,APPROVED,EQUAL,Sharon Nirenberg,1.6251E+12,2102737,Mastopexy,Procedure,MAPS_TO,,<auto>,1.62499E+12
non-surgical,1073890000,INTRAOPERATIVE IDENTIFICATION OF SENTINEL LYMPH NODE WITH INJECTION OF NON-RADIOACTIVE DYE,1878,,,,1,APPROVED,EQUAL,Sharon Nirenberg,1.62509E+12,40757010,"Intraoperative identification (eg, mapping) of sentinel lymph node(s) includes injection of non-radioactive dye, when performed (List separately in addition to code for primary procedure)",Procedure,MAPS_TO,,<auto>,1.62499E+12
non-surgical,1071104300,"DEBRIDEMENT OF MUSCLE, INCLUDING EPIDERMIS, DERMIS, AND SUBCUTANEOUS TISSUE, FIRST 20 SQUARE CMS OR LESS",1373,,,,1,APPROVED,EQUAL,Sharon Nirenberg,1.62509E+12,2101926,"Debridement, muscle and/or fascia (includes epidermis, dermis, and subcutaneous tissue, if performed); first 20 sq cm or less",Procedure,MAPS_TO,,<auto>,1.62499E+12
non-surgical,1075815000,"TOTAL ABDOMINAL HYSTERECTOMY (CORPUS AND CERVIX), WITH OR WITHOUT REMOVAL OF TUBE(S), WITH OR WITHOUT REMOVAL OF OVARY(S)",1040,,,,1,APPROVED,EQUAL,Sharon Nirenberg,1.6251E+12,2110175,"Total abdominal hysterectomy (corpus and cervix), with or without removal of tube(s), with or without removal of ovary(s)",Procedure,MAPS_TO,,<auto>,1.62499E+12
non-surgical,1073162400,RIGID BRONCHOSCOPY WITH BRONCHIAL ALVEOLAR LAVAGE USING FLUOROSCOPIC GUIDANCE,1238,,,,1,APPROVED,EQUAL,Sharon Nirenberg,1.6251E+12,2106586,"Bronchoscopy, rigid or flexible, including fluoroscopic guidance, when performed; with bronchial alveolar lavage",Procedure,MAPS_TO,,<auto>,1.62499E+12
non-surgical,1075866200,"LAPAROSCOPY, SURGICAL; WITH FULGURATION OR EXCISION OF LESIONS OF THE OVARY, PELVIC VISCERA, OR PERITONEAL SURFACE BY ANY METHOD",1295,,,,1,APPROVED,EQUAL,Sharon Nirenberg,1.6251E+12,2110241,"Laparoscopy, surgical; with fulguration or excision of lesions of the ovary, pelvic viscera, or peritoneal surface by any method",Procedure,MAPS_TO,,<auto>,1.62499E+12
non-surgical,1073340500,"REPLACEMENT OF AORTIC VALVE USING PROSTHETIC VALVE, WITH CARDIOPULMONARY BYPASS",859,,,,0.98,APPROVED,EQUAL,Sharon Nirenberg,1.6251E+12,2107121,"Replacement, aortic valve, open, with cardiopulmonary bypass; with prosthetic valve other than homograft or stentless valve",Procedure,MAPS_TO,,<auto>,1.62499E+12
non-surgical,1075984000,INDUCTION OF ABORTION BY DILATATION OF CURETTAGE,756,,,,1,APPROVED,EQUAL,Sharon Nirenberg,1.6251E+12,2110329,"Induced abortion, by dilation and curettage",Procedure,MAPS_TO,,<auto>,1.62499E+12
non-surgical,1073165300,"FLEXIBLE BRONCHOSCOPY USING FLUOROSCOPIC GUIDANCE WITH ENDOBRONCHIAL ULTRASOUND GUIDED TRACHEAL AND TRANSBRONCHIAL SAMPLING OF HILAR LYMPH NODES, 3 OR MORE STATIONS OR STRUCTURES",753,,,,0.9,APPROVED,EQUAL,Sharon Nirenberg,1.6251E+12,42627977,"Bronchoscopy, rigid or flexible, including fluoroscopic guidance, when performed; with endobronchial ultrasound (EBUS) guided transtracheal and/or transbronchial sampling (eg, aspiration[s]/biopsy[ies]), 3 or more mediastinal and/or hilar lymph node stati",Procedure,MAPS_TO,,<auto>,1.62499E+12
non-surgical,1076999000,MICROSURGICAL PROCEDURE USING OPERATING MICROSCOPE,2504,,,,1,APPROVED,EQUAL,Sharon Nirenberg,1.62507E+12,2111282,"Microsurgical techniques, requiring use of operating microscope (List separately in addition to code for primary procedure)",Procedure,MAPS_TO,,<auto>,1.62499E+12
non-surgical,1073014000,PARTIAL SUBMUCOUS RESECTION OF INFERIOR TURBINATE,1437,,,,1,APPROVED,EQUAL,Sharon Nirenberg,1.62509E+12,2106157,"Submucous resection inferior turbinate, partial or complete, any method",Procedure,MAPS_TO,,<auto>,1.62499E+12
non-surgical,1073560000,HARVEST OF SINGLE UPPER EXTREMITY ARTERY SEGMENT FOR CORONARY ARTERY BYPASS PROCEDURE,1336,,,,1,APPROVED,EQUAL,Sharon Nirenberg,1.62509E+12,2107922,"Harvest of upper extremity artery, 1 segment, for coronary artery bypass procedure (List separately in addition to code for primary procedure)",Procedure,MAPS_TO,,<auto>,1.62499E+12
non-surgical,1073351800,CORONARY ARTERY BYPASS USING 2 VENOUS GRAFTS,1227,,,,1,APPROVED,EQUAL,Sharon Nirenberg,1.6251E+12,2107217,"Coronary artery bypass, vein only; 2 coronary venous grafts",Procedure,MAPS_TO,,<auto>,1.62499E+12
non-surgical,1075857300,SURGICAL LAPAROSCOPY WITH COMPLETE HYSTERECTOMY OF UTERUS GREATER THAN 250 G AND REMOVAL OF OVARY AND/OR TUBES,530,,,,0.85,APPROVED,EQUAL,Sharon Nirenberg,1.6251E+12,2110232,"Laparoscopy, surgical, with total hysterectomy, for uterus greater than 250 g; with removal of tube(s) and/or ovary(s)",Procedure,MAPS_TO,,<auto>,1.62499E+12
non-surgical,1077600000,FLUOROSCOPIC EXAMINATION,1428,,,,0.75,APPROVED,EQUAL,Sharon Nirenberg,1.62509E+12,2211668,"Fluoroscopy (separate procedure), up to 1 hour physician or other qualified health care professional time",Procedure,MAPS_TO,,Sharon Nirenberg,1.62509E+12
non-surgical,1072284200,POSTERIOR SEGMENTAL INSTRUMENTATION OF 3-6 VERTEBRAL SEGMENTS,1033,,,,1,APPROVED,EQUAL,Sharon Nirenberg,1.6251E+12,2103553,"Posterior segmental instrumentation (eg, pedicle fixation, dual rods with multiple hooks and sublaminar wires); 3 to 6 vertebral segments (List separately in addition to code for primary procedure)",Procedure,MAPS_TO,,<auto>,1.62499E+12
non-surgical,21,LUMBAR OR SCARAL (CAUDAL) EPIDURAL STEROID INJECTION,814,,,,0.66,APPROVED,EQUAL,Sharon Nirenberg,1.6251E+12,42628690,"Injection(s), of diagnostic or therapeutic substance(s) (eg, anesthetic, antispasmodic, opioid, steroid, other solution), not including neurolytic substances, including needle or catheter placement, interlaminar epidural or subarachnoid, lumbar or sacral ",Procedure,MAPS_TO,,Sharon Nirenberg,1.6251E+12
non-surgical,1072988100,SURGICAL ARTHROSCOPY OF KNEE WITH MEDIAL MENISCECTOMY AND CHONDROPLASTY,1364,,,,1,APPROVED,EQUAL,Sharon Nirenberg,1.62509E+12,2106035,"Arthroscopy, knee, surgical; with meniscectomy (medial OR lateral, including any meniscal shaving) including debridement/shaving of articular cartilage (chondroplasty), same or separate compartment(s), when performed",Procedure,MAPS_TO,,<auto>,1.62499E+12
non-surgical,1073690600,"PERCUTANEOUS INFUSION FOR THROMBOLYSIS OF DIALYSIS CIRCUIT AND TRANSCATHETER PLACEMENT OF INTRAVASCULAR STENT IN PERIPHERAL DIALYSIS SEGMENT USING FLUOROSCOPIC GUIDE, W DIAGN ANGIOGRAPHY OF DIALY CIRC",680,,,,0.92,APPROVED,EQUAL,Sharon Nirenberg,1.6251E+12,42628057,"Percutaneous transluminal mechanical thrombectomy and/or infusion for thrombolysis, dialysis circuit, any method, including all imaging and radiological supervision and interpretation, diagnostic angiography, fluoroscopic guidance, catheter placement(s), ",Procedure,MAPS_TO,,<auto>,1.62499E+12
non-surgical,1071104400,"DEBRIDEMENT OF BONE, INCLUDING EPIDERMIS, DERMIS, SUBCUTANEOUS TISSUE, FASCIA, AND MUSCLE, FIRST 20 SQUARE CMS OR LESS",910,,,,1,APPROVED,EQUAL,Sharon Nirenberg,1.6251E+12,2101927,"Debridement, bone (includes epidermis, dermis, subcutaneous tissue, muscle and/or fascia, if performed); first 20 sq cm or less",Procedure,MAPS_TO,,<auto>,1.62499E+12
non-surgical,1074626000,INTERNAL AND EXTERNAL HEMORRHOIDECTOMY,1279,,,,1,APPROVED,EQUAL,Sharon Nirenberg,1.6251E+12,2109249,"Hemorrhoidectomy, internal and external, 2 or more columns/groups",Procedure,MAPS_TO,,<auto>,1.62499E+12
non-surgical,1071527500,"APPLICATION OF SKIN SUBSTITUTE GRAFT TO FACE, SCALP, EYELIDS, MOUTH, NECK, EARS, ORBITS, GENITALIA, HANDS, FEET, AND/OR MULTIPLE DIGITS, TOTAL WOUND SURFACE AREA UP TO 100 SQ CM; FIRST 25 SQ CM OR LES",586,,,,1,APPROVED,EQUAL,Sharon Nirenberg,1.6251E+12,42742488,"Application of skin substitute graft to face, scalp, eyelids, mouth, neck, ears, orbits, genitalia, hands, feet, and/or multiple digits, total wound surface area up to 100 sq cm; first 25 sq cm or less wound surface area",Procedure,MAPS_TO,,<auto>,1.62499E+12
non-surgical,1073342600,"MITRAL VALVULOPLASTY USING PROSTHETIC RING, WITH CARDIOPULMONARY BYPASS",1294,,,,1,APPROVED,EQUAL,Sharon Nirenberg,1.6251E+12,2107156,"Valvuloplasty, mitral valve, with cardiopulmonary bypass; with prosthetic ring",Procedure,MAPS_TO,,<auto>,1.62499E+12
non-surgical,1076158000,"CRANIOFACIAL APPROACH TO EXTRADURAL LESION OF ANTERIOR CRANIAL FOSSA, WITH LATERAL RHINOTOMY, ETHMOIDECTOMY, AND SPHENOIDECTOMY",664,,,,1,APPROVED,EQUAL,Sharon Nirenberg,1.6251E+12,2110487,"Craniofacial approach to anterior cranial fossa; extradural, including lateral rhinotomy, ethmoidectomy, sphenoidectomy, without maxillectomy or orbital exenteration",Procedure,MAPS_TO,,<auto>,1.62499E+12
non-surgical,1076022000,UNILATERAL COMPLETE THYROID LOBECTOMY WITH ISTHMUSECTOMY,1313,,,,1,APPROVED,EQUAL,Sharon Nirenberg,1.62509E+12,2110369,"Total thyroid lobectomy, unilateral; with or without isthmusectomy",Procedure,MAPS_TO,,<auto>,1.62499E+12
non-surgical,1075235600,CYSTOURETHROSCOPY WITH URETEROSCOPY AND PYELOSCOPY AND LITHOTRIPSY WITH INSERTION OF DOUBLE-J STENT,2899,,,,1,APPROVED,EQUAL,Sharon Nirenberg,1.62507E+12,44816428,"Cystourethroscopy, with ureteroscopy and/or pyeloscopy; with lithotripsy including insertion of indwelling ureteral stent (eg, Gibbons or double-J type)",Procedure,MAPS_TO,,<auto>,1.62499E+12
non-surgical,1071912500,OPEN EXCISION OF SINGLE LESION OF BREAST IDENTIFIED BY PREOPERATIVE PLACEMENT OF RADIOLOGICAL MARKER,1794,,,,1,APPROVED,EQUAL,Sharon Nirenberg,1.62509E+12,2102680,"Excision of breast lesion identified by preoperative placement of radiological marker, open; single lesion",Procedure,MAPS_TO,,<auto>,1.62499E+12
non-surgical,1073128800,SURGICAL ENDOSCOPY OF NOSE AND SINUS WITH SPHENOIDOTOMY AND REMOVAL OF TISSUE FROM SPHENOID SINUS,752,,,,1,APPROVED,EQUAL,Sharon Nirenberg,1.6251E+12,2106422,"Nasal/sinus endoscopy, surgical, with sphenoidotomy; with removal of tissue from the sphenoid sinus",Procedure,MAPS_TO,,<auto>,1.62499E+12
non-surgical,1072742500,OPEN LATERAL RETINACULAR RELEASE OF KNEE,1071,,,,1,APPROVED,EQUAL,Sharon Nirenberg,1.6251E+12,2105069,"Lateral retinacular release, open",Procedure,MAPS_TO,,<auto>,1.62499E+12
non-surgical,1071573400,FORMATION OF MYCOCUTANEOUS FLAP GRAFT OF TRUNK,1497,,,,0.89,APPROVED,EQUAL,Sharon Nirenberg,1.62509E+12,2102412,"Muscle, myocutaneous, or fasciocutaneous flap; trunk",Procedure,MAPS_TO,,<auto>,1.62499E+12
non-surgical,1073722900,UNILATERAL PERCUTANEOUS ENDOVASCULAR REVASCULARIZATION OF TIBIAL ARTERY WITH ATHERECTOMY AND ANGIOPLASTY,895,,,,1,APPROVED,EQUAL,Sharon Nirenberg,1.6251E+12,40757057,"Revascularization, endovascular, open or percutaneous, tibial, peroneal artery, unilateral, initial vessel; with atherectomy, includes angioplasty within the same vessel, when performed",Procedure,MAPS_TO,,<auto>,1.62499E+12
non-surgical,1074932100,SURGICAL LAPAROSCOPY WITH BIOPSY,1490,,,,1,APPROVED,EQUAL,Sharon Nirenberg,1.62509E+12,2109452,"Laparoscopy, surgical; with biopsy (single or multiple)",Procedure,MAPS_TO,,<auto>,1.62499E+12
non-surgical,1072781400,OPEN REDUCTION OF FRACTURE OF MEDIAL AND POSTERIOR MALLEOLI OF ANKLE WITH INTERNAL FIXATION,528,,,,1,APPROVED,EQUAL,Sharon Nirenberg,1.6251E+12,2105405,"Open treatment of bimalleolar ankle fracture (eg, lateral and medial malleoli, or lateral and posterior malleoli, or medial and posterior malleoli), includes internal fixation, when performed",Procedure,MAPS_TO,,<auto>,1.62499E+12
non-surgical,1073872400,EXCISION OF CERVICAL LYMPH NODE WITH MODIFIED RADICAL DISSECTION OF NECK,1265,,,,1,APPROVED,EQUAL,Sharon Nirenberg,1.6251E+12,2108482,Cervical lymphadenectomy (modified radical neck dissection),Procedure,MAPS_TO,,<auto>,1.62499E+12
non-surgical,1075223500,"CYSTOURETHROSCOPY WITH RESECTION OF BLADDER TUMOR, 2.0 TO 5.0 CM",663,,,,1,APPROVED,EQUAL,Sharon Nirenberg,1.6251E+12,2109775,"Cystourethroscopy, with fulguration (including cryosurgery or laser surgery) and/or resection of; MEDIUM bladder tumor(s) (2.0 to 5.0 cm)",Procedure,MAPS_TO,,<auto>,1.62499E+12
non-surgical,1073080200,UNILATERAL ABLATION OF INTRAMURAL SOFT TISSUE OF INFERIOR TURBINATE,608,,,,1,APPROVED,EQUAL,Sharon Nirenberg,1.6251E+12,2106288,"Ablation, soft tissue of inferior turbinates, unilateral or bilateral, any method (eg, electrocautery, radiofrequency ablation, or tissue volume reduction); intramural (ie, submucosal)",Procedure,MAPS_TO,,<auto>,1.62499E+12
non-surgical,1074965000,SURGICAL LAPAROSCOPY WITH REPAIR OF INGUINAL HERNIA,2883,,,,1,APPROVED,EQUAL,Sharon Nirenberg,1.62507E+12,2109516,"Laparoscopy, surgical; repair initial inguinal hernia",Procedure,MAPS_TO,,<auto>,1.62499E+12
non-surgical,1074965000,SURGICAL LAPAROSCOPY WITH REPAIR OF INGUINAL HERNIA,2883,,,,1,APPROVED,EQUAL,Sharon Nirenberg,1.62507E+12,2109517,"Laparoscopy, surgical; repair recurrent inguinal hernia",Procedure,MAPS_TO,,Sharon Nirenberg,1.62507E+12
non-surgical,1075814600,"EXCISION OF INTRAMURAL MYOMAS OF UTERUS WITH TOTAL WEIGHT OF GREATER THAN 250 G, BY ABDOMINAL APPROACH",809,,,,1,APPROVED,EQUAL,Sharon Nirenberg,1.6251E+12,2110174,"Myomectomy, excision of fibroid tumor(s) of uterus, 5 or more intramural myomas and/or intramural myomas with total weight greater than 250 g, abdominal approach",Procedure,MAPS_TO,,<auto>,1.62499E+12
non-surgical,1072982300,"ARTHROSCOPY, SHOULDER, SURGICAL; DEBRIDEMENT, EXTENSIVE, 3 OR MORE DISCRETE STRUCTURES",907,,,,0.81,APPROVED,EQUAL,Sharon Nirenberg,1.6251E+12,2105956,"Arthroscopy, shoulder, surgical; debridement, extensive",Procedure,MAPS_TO,,<auto>,1.62499E+12
non-surgical,1072744700,ARTHROPLASTY OF MEDIAL AND LATERAL FEMORAL CONDYLE AND TIBIAL PLATEAU WITHOUT RESURFACING OF PATELLA,5862,,,,1,APPROVED,EQUAL,Sharon Nirenberg,1.62501E+12,2105103,"Arthroplasty, knee, condyle and plateau; medial AND lateral compartments with or without patella resurfacing (total knee arthroplasty)",Procedure,MAPS_TO,,<auto>,1.62499E+12
non-surgical,1075199000,SURGICAL LAPAROSCOPY WITH URETHRAL SUSPENSION FOR STRESS INCONTINENCE,1340,,,,1,APPROVED,EQUAL,Sharon Nirenberg,1.62509E+12,2109762,"Laparoscopy, surgical; urethral suspension for stress incontinence",Procedure,MAPS_TO,,<auto>,1.62499E+12
non-surgical,1073683000,CREATION OF ARTERIOVENOUS FISTULA USING THERMOPLASTIC GRAFT,722,,,,1,APPROVED,EQUAL,Sharon Nirenberg,1.6251E+12,2108296,"Creation of arteriovenous fistula by other than direct arteriovenous anastomosis (separate procedure); nonautogenous graft (eg, biological collagen, thermoplastic graft)",Procedure,MAPS_TO,,<auto>,1.62499E+12
non-surgical,1074533000,DIAGNOSTIC FLEXIBLE SIGMOIDOSCOPY WITH COLLECTION OF SPECIMEN BY WASHING,1784,,,,1,APPROVED,EQUAL,Sharon Nirenberg,1.62509E+12,2109180,"Sigmoidoscopy, flexible; diagnostic, including collection of specimen(s) by brushing or washing, when performed (separate procedure)",Procedure,MAPS_TO,,<auto>,1.62499E+12
non-surgical,1072261200,ARTHRODESIS OF LUMBAR VERTEBRAL SEGMENT BY POSTEROLATERAL TECHNIQUE,1062,,,,1,APPROVED,EQUAL,Sharon Nirenberg,1.6251E+12,2103518,"Arthrodesis, posterior or posterolateral technique, single level; lumbar (with lateral transverse technique, when performed)",Procedure,MAPS_TO,,<auto>,1.62499E+12
non-surgical,1077571600,"ANGIOGRAPHY, EXTREMITY, BILATERAL, RADIOLOGICAL SUPERVISION AND INTERPRETATION",1284,,,,1,APPROVED,EQUAL,Sharon Nirenberg,1.6251E+12,2211597,"Angiography, extremity, bilateral, radiological supervision and interpretation",Procedure,MAPS_TO,,<auto>,1.62499E+12
non-surgical,1071931800,BREAST REDUCTION,1842,,,,1,APPROVED,EQUAL,Sharon Nirenberg,1.62509E+12,4241100,Reduction mammoplasty,Procedure,MAPS_TO,,<auto>,1.62499E+12
non-surgical,1077582200,"VENOGRAPHY, EXTREMITY, BILATERAL, RADIOLOGICAL SUPERVISION AND INTERPRETATION",888,,,,1,APPROVED,EQUAL,Sharon Nirenberg,1.6251E+12,2211617,"Venography, extremity, bilateral, radiological supervision and interpretation",Procedure,MAPS_TO,,<auto>,1.62499E+12
non-surgical,1075231800,LITHOLAPAXY OF CALCULUS IN BLADDER AND REMOVAL OF FRAGMENTS,533,,,,1,APPROVED,EQUAL,Sharon Nirenberg,1.6251E+12,2109795,Litholapaxy: crushing or fragmentation of calculus by any means in bladder and removal of fragments; complicated or large (over 2.5 cm),Procedure,MAPS_TO,,<auto>,1.62499E+12
non-surgical,1073165200,"BRONCHOSCOPY, RIGID OR FLEXIBLE, INCLUDING FLUOROSCOPIC GUIDANCE, WHEN PERFORMED; WITH ENDOBRONCHIAL ULTRASOUND (EBUS) GUIDED TRANSTRACHEAL AND/OR TRANSBRONCHIAL SAMPLING (EG, ASPIRATION(S)/BIOPSY(IES",679,,,,0.71,APPROVED,EQUAL,Sharon Nirenberg,1.6251E+12,42628055,"Bronchoscopy, rigid or flexible, including fluoroscopic guidance, when performed; with endobronchial ultrasound (EBUS) guided transtracheal and/or transbronchial sampling (eg, aspiration[s]/biopsy[ies]), one or two mediastinal and/or hilar lymph node stat",Procedure,MAPS_TO,,<auto>,1.62499E+12
non-surgical,1075054300,SURGICAL LAPAROSCOPY WITH PARTIAL NEPHRECTOMY,915,,,,1,APPROVED,EQUAL,Sharon Nirenberg,1.6251E+12,2109614,"Laparoscopy, surgical; partial nephrectomy",Procedure,MAPS_TO,,<auto>,1.62499E+12
non-surgical,1075741000,PELVIC EXAMINATION UNDER ANESTHESIA,1339,,,,1,APPROVED,EQUAL,Sharon Nirenberg,1.62509E+12,2110137,Pelvic examination under anesthesia (other than local),Procedure,MAPS_TO,,Sharon Nirenberg,1.62509E+12
non-surgical,1074956800,IMPLANTATION OF PROSTHESIS FOR REPAIR OF OPEN VENTRAL HERNIA,672,,,,1,APPROVED,EQUAL,Sharon Nirenberg,1.6251E+12,2109503,Implantation of mesh or other prosthesis for open incisional or ventral hernia repair or mesh for closure of debridement for necrotizing soft tissue infection (List separately in addition to code for the incisional or ventral hernia repair),Procedure,MAPS_TO,,<auto>,1.62499E+12
non-surgical,1075233200,CYSTOURETHROSCOPY WITH INSERTION OF DOUBLE-J URETERAL STENT,2653,,,,1,APPROVED,EQUAL,Sharon Nirenberg,1.62507E+12,2109800,"Cystourethroscopy, with insertion of indwelling ureteral stent (eg, Gibbons or double-J type)",Procedure,MAPS_TO,,<auto>,1.62499E+12
non-surgical,1073683200,OPEN REVISION OF SYNTHETIC DIALYSIS GRAFT WITHOUT THROMBECTOMY,605,,,,1,APPROVED,EQUAL,Sharon Nirenberg,1.6251E+12,2108298,"Revision, open, arteriovenous fistula; without thrombectomy, autogenous or nonautogenous dialysis graft (separate procedure)",Procedure,MAPS_TO,,<auto>,1.62499E+12
non-surgical,1075200500,CYSTOURETHROSCOPY WITH URETERAL CATHETERIZATION OF URETER,708,,,,1,APPROVED,EQUAL,Sharon Nirenberg,1.6251E+12,2109768,"Cystourethroscopy, with ureteral catheterization, with or without irrigation, instillation, or ureteropyelography, exclusive of radiologic service",Procedure,MAPS_TO,,<auto>,1.62499E+12
non-surgical,1073126700,SURGICAL ENDOSCOPY OF NOSE AND SINUS WITH MAXILLARY ANTROSTOMY AND REMOVAL OF TISSUE FROM MAXILLARY SINUS,1483,,,,1,APPROVED,EQUAL,Sharon Nirenberg,1.62509E+12,2106409,"Nasal/sinus endoscopy, surgical, with maxillary antrostomy; with removal of tissue from maxillary sinus",Procedure,MAPS_TO,,<auto>,1.62499E+12
non-surgical,1072284500,ANTERIOR SEGMENTAL INSTRUMENTATION OF 2 TO 3 VERTEBRAL SEGMENTS,1060,,,,1,APPROVED,EQUAL,Sharon Nirenberg,1.6251E+12,2103556,Anterior instrumentation; 2 to 3 vertebral segments (List separately in addition to code for primary procedure),Procedure,MAPS_TO,,<auto>,1.62499E+12
non-surgical,1074420400,SURGICAL LAPAROSCOPY WITH PARTIAL COLECTOMY AND ANASTOMOSIS,748,,,,1,APPROVED,EQUAL,Sharon Nirenberg,1.6251E+12,2109065,"Laparoscopy, surgical; colectomy, partial, with anastomosis",Procedure,MAPS_TO,,<auto>,1.62499E+12
non-surgical,1071934200,INSERTION OR REPLACEMENT OF BREAST IMPLANT ON SEPARATE DAY FROM MASTECTOMY,799,,,,0.52,APPROVED,EQUAL,Sharon Nirenberg,1.6251E+12,2102754,"Delayed insertion of breast prosthesis following mastopexy, mastectomy or in reconstruction",Procedure,MAPS_TO,,Sharon Nirenberg,1.6251E+12
non-surgical,1071430100,"TRANSFER OF ADJACENT TISSUE FOR REPAIR OF DEFECT, 30.1 SQ CM TO 60.0 SQ CM",1810,,,,1,APPROVED,EQUAL,Sharon Nirenberg,1.62509E+12,40757071,"Adjacent tissue transfer or rearrangement, any area; defect 30.1 sq cm to 60.0 sq cm",Procedure,MAPS_TO,,<auto>,1.62499E+12
non-surgical,1073874500,TOTAL EXCISION OF AXILLARY LYMPH NODES,1140,,,,1,APPROVED,EQUAL,Sharon Nirenberg,1.6251E+12,2108484,Axillary lymphadenectomy; complete,Procedure,MAPS_TO,,<auto>,1.62499E+12
non-surgical,1076472100,TRANSPOSITION OF MEDIAN NERVE AT CARPAL TUNNEL,703,,,,1,APPROVED,EQUAL,Sharon Nirenberg,1.6251E+12,2110823,Neuroplasty and/or transposition; median nerve at carpal tunnel,Procedure,MAPS_TO,,Sharon Nirenberg,1.6251E+12
non-surgical,1075728800,SYNTHETIC SLING OPERATION FOR STRESS INCONTINENCE,878,,,,1,APPROVED,EQUAL,Sharon Nirenberg,1.6251E+12,2110121,"Sling operation for stress incontinence (eg, fascia or synthetic)",Procedure,MAPS_TO,,<auto>,1.62499E+12
non-surgical,1075855800,SURGICAL HYSTEROSCOPY WITH BIOPSY OF ENDOMETRIUM AND POLYPECTOMY AND DILATION AND CURETTAGE,5610,,,,1,APPROVED,EQUAL,Sharon Nirenberg,1.62501E+12,2110222,"Hysteroscopy, surgical; with sampling (biopsy) of endometrium and/or polypectomy, with or without D & C",Procedure,MAPS_TO,,<auto>,1.62499E+12
non-surgical,1073123700,SURGICAL ENDOSCOPY OF SINUS WITH POLYPECTOMY,670,,,,1,APPROVED,EQUAL,Sharon Nirenberg,1.6251E+12,2106402,"Nasal/sinus endoscopy, surgical; with biopsy, polypectomy or debridement (separate procedure)",Procedure,MAPS_TO,,<auto>,1.62499E+12
non-surgical,1076024000,COMPLETE THYROIDECTOMY,1125,,,,1,APPROVED,EQUAL,Sharon Nirenberg,1.6251E+12,2110371,"Thyroidectomy, total or complete",Procedure,MAPS_TO,,Sharon Nirenberg,1.6251E+12
non-surgical,1074599000,DIAGNOSTIC SURGICAL ANORECTAL EXAM UNDER ANESTHESIA,2309,,,,1,APPROVED,EQUAL,Sharon Nirenberg,1.62507E+12,2109228,"Anorectal exam, surgical, requiring anesthesia (general, spinal, or epidural), diagnostic",Procedure,MAPS_TO,,<auto>,1.62499E+12
non-surgical,24,"ULTRASONIC GUIDANCE, INTRAOPERATIVE",1014,,,,1,APPROVED,EQUAL,Sharon Nirenberg,1.6251E+12,2211794,"Ultrasonic guidance, intraoperative",Procedure,MAPS_TO,,<auto>,1.62499E+12
non-surgical,1074323900,UPPER GASTROINTESTINAL ENDOSCOPY WITH BIOPSY,11609,,,,1,APPROVED,EQUAL,Sharon Nirenberg,1.62501E+12,2108887,"Esophagogastroduodenoscopy, flexible, transoral; with biopsy, single or multiple",Procedure,MAPS_TO,,<auto>,1.62499E+12
non-surgical,1072255100,"ARTHRODESIS BY ANTERIOR INTERBODY TECHNIQUE OF CERVICAL REGION BELOW C2, INCLUDING DISC SPACE PREPARATION, WITH DISCECTOMY, OSTEOPHYTECTOMY AND DECOMPRESSION OF SPINAL CORD AND NERVE ROOT",1257,,,,1,APPROVED,EQUAL,Sharon Nirenberg,1.6251E+12,40756843,"Arthrodesis, anterior interbody, including disc space preparation, discectomy, osteophytectomy and decompression of spinal cord and/or nerve roots; cervical below C2",Procedure,MAPS_TO,,<auto>,1.62499E+12
non-surgical,1071586000,INTRAVENOUS INJECTION OF FLUORESCEIN TO TEST VASCULAR FLOW IN GRAFT,1198,,,,1,APPROVED,EQUAL,Sharon Nirenberg,1.6251E+12,2102514,"Intravenous injection of agent (eg, fluorescein) to test vascular flow in flap or graft",Procedure,MAPS_TO,,<auto>,1.62499E+12
non-surgical,1073125500,SURGICAL ENDOSCOPY OF NOSE AND SINUS WITH COMPLETE ETHMOIDECTOMY,947,,,,1,APPROVED,EQUAL,Sharon Nirenberg,1.6251E+12,2106407,"Nasal/sinus endoscopy, surgical with ethmoidectomy; total (anterior and posterior)",Procedure,MAPS_TO,,<auto>,1.62499E+12
non-surgical,1074756200,SURGICAL LAPAROSCOPY WITH CHOLECYSTECTOMY,4447,,,,1,APPROVED,EQUAL,Sharon Nirenberg,1.62501E+12,2109363,"Laparoscopy, surgical; cholecystectomy",Procedure,MAPS_TO,,<auto>,1.62499E+12
non-surgical,1072982800,"ARTHROSCOPY, SHOULDER, SURGICAL; BICEPS TENODESIS",828,,,,1,APPROVED,EQUAL,Sharon Nirenberg,1.6251E+12,2105961,"Arthroscopy, shoulder, surgical; biceps tenodesis",Procedure,MAPS_TO,,<auto>,1.62499E+12
non-surgical,1074241500,EXCISION OF TUMOR OF LATERAL LOBE OF PAROTID GLAND WITH DISSECTION AND PRESERVATION OF FACIAL NERVE,601,,,,1,APPROVED,EQUAL,Sharon Nirenberg,1.6251E+12,2108768,"Excision of parotid tumor or parotid gland; lateral lobe, with dissection and preservation of facial nerve",Procedure,MAPS_TO,,<auto>,1.62499E+12
non-surgical,1075982000,SURGICAL COMPLETION OF INCOMPLETE ABORTION,1109,,,,1,APPROVED,EQUAL,Sharon Nirenberg,1.6251E+12,2110326,"Treatment of missed abortion, completed surgically; first trimester",Procedure,MAPS_TO,,Sharon Nirenberg,1.6251E+12
non-surgical,1076448300,"INJECTION(S), ANESTHETIC AGENT(S) AND/OR STEROID, TRANSFORAMINAL EPIDURAL, WITH IMAGING GUIDANCE (FLUOROSCOPY OR CT); LUMBAR OR SACRAL, SINGLE LEVEL",911,,,,0.96,APPROVED,EQUAL,Sharon Nirenberg,1.6251E+12,2110774,"Injection(s), anesthetic agent and/or steroid, transforaminal epidural, with imaging guidance (fluoroscopy or CT); lumbar or sacral, single level",Procedure,MAPS_TO,,<auto>,1.62499E+12
non-surgical,1072255200,"ARTHRODESIS BY ANTERIOR INTERBODY TECHNIQUE OF EACH ADDITIONAL INTERSPACE OF CERVICAL REGION BELOW C2, WITH DISCECTOMY, OSTEOPHYTECTOMY AND DECOMPRESSION OF NERVE ROOT",530,,,,0.97,APPROVED,EQUAL,Sharon Nirenberg,1.6251E+12,40756885,"Arthrodesis, anterior interbody, including disc space preparation, discectomy, osteophytectomy and decompression of spinal cord and/or nerve roots; cervical below C2, each additional interspace (List separately in addition to code for primary procedure)",Procedure,MAPS_TO,,<auto>,1.62499E+12
non-surgical,1075866100,SURGICAL LAPAROSCOPY WITH REMOVAL OF ADNEXAL STRUCTURES (PARTIAL OR TOTAL OOPHORECTOMY AND/OR SALPINGECTOMY,2134,,,,0.91,APPROVED,EQUAL,Sharon Nirenberg,1.62509E+12,2110240,"Laparoscopy, surgical; with removal of adnexal structures (partial or total oophorectomy and/or salpingectomy)",Procedure,MAPS_TO,,<auto>,1.62499E+12
non-surgical,1074538000,FLEXIBLE COLONOSCOPY PROXIMAL TO SPLENIC FLEXURE WITH BIOPSY,10534,,,,1,APPROVED,EQUAL,Sharon Nirenberg,1.62501E+12,2109196,"Colonoscopy, flexible; with biopsy, single or multiple",Procedure,MAPS_TO,,<auto>,1.62499E+12
non-surgical,1076304500,"UNILATERAL OR BILATERAL LAMINECTOMY, FACETECTOMY, AND FORAMINOTOMY OF SINGLE VERTEBRA OF CERVICAL SPINE WITH DECOMPRESSION OF SPINAL CORD AND NERVE ROOT",730,,,,0.98,APPROVED,EQUAL,Sharon Nirenberg,1.6251E+12,2110650,"Laminectomy, facetectomy and foraminotomy (unilateral or bilateral with decompression of spinal cord, cauda equina and/or nerve root[s], [eg, spinal or lateral recess stenosis]), single vertebral segment; cervical",Procedure,MAPS_TO,,<auto>,1.62499E+12
non-surgical,1072713000,"TOTAL ARTHROPLASTY OF HIP WITH ACETABULAR AND PROXIMAL FEMORAL PROSTHETIC REPLACEMENT, WITHOUT AUTOGRAFT",3385,,,,1,APPROVED,EQUAL,Sharon Nirenberg,1.62501E+12,2104836,"Arthroplasty, acetabular and proximal femoral prosthetic replacement (total hip arthroplasty), with or without autograft or allograft",Procedure,MAPS_TO,,<auto>,1.62499E+12
non-surgical,1073093000,THERAPEUTIC FRACTURE OF INFERIOR TURBINATE,827,,,,1,APPROVED,EQUAL,Sharon Nirenberg,1.6251E+12,2106325,"Fracture nasal inferior turbinate(s), therapeutic",Procedure,MAPS_TO,,<auto>,1.62499E+12
non-surgical,1075004000,NEPHROTOMY WITH DRAINAGE BY NEPHROSTOMY,558,,,,1,APPROVED,EQUAL,Sharon Nirenberg,1.6251E+12,2109550,"Nephrostomy, nephrotomy with drainage",Procedure,MAPS_TO,,<auto>,1.62499E+12
non-surgical,1073723800,TRANSCATHETER PLACEMENT OF VENOUS STENTS WITH ANGIOPLASTY,939,,,,1,APPROVED,EQUAL,Sharon Nirenberg,1.6251E+12,44816400,"Transcatheter placement of an intravascular stent(s), open or percutaneous, including radiological supervision and interpretation and including angioplasty within the same vessel, when performed; initial vein",Procedure,MAPS_TO,,Sharon Nirenberg,1.6251E+12
non-surgical,1075586600,LAPAROSCOPY WITH RADICAL PROSTATECTOMY AND NERVE SPARING BY RETROPUBIC APPROACH WITH ROBOTIC ASSISTANCE,2285,,,,1,APPROVED,EQUAL,Sharon Nirenberg,1.62507E+12,2110044,"Laparoscopy, surgical prostatectomy, retropubic radical, including nerve sparing, includes robotic assistance, when performed",Procedure,MAPS_TO,,<auto>,1.62499E+12
non-surgical,1077700300,"FLUROSCOPE GUIDANCE, SPINE DIAGNOSE-THERAPY INJECTION",1029,,,,0.4,APPROVED,EQUAL,Sharon Nirenberg,1.6251E+12,2211799,Fluoroscopic guidance and localization of needle or catheter tip for spine or paraspinous diagnostic or therapeutic injection procedures (epidural or subarachnoid) (List separately in addition to code for primary procedure),Procedure,MAPS_TO,,Sharon Nirenberg,1.6251E+12
non-surgical,1072093600,LOCAL AUTOGRAFT OF BONE TO SPINE,2086,,,,1,APPROVED,EQUAL,Sharon Nirenberg,1.62509E+12,2102978,"Autograft for spine surgery only (includes harvesting the graft); local (eg, ribs, spinous process, or laminar fragments) obtained from same incision (List separately in addition to code for primary procedure)",Procedure,MAPS_TO,,<auto>,1.62499E+12
non-surgical,1072068000,"REMOVAL OF IMPLANT; DEEP (EG, BURIED WIRE, PIN, SCREW, METAL BAND, NAIL ROD OR PLATE)",1177,,,,0.96,APPROVED,EQUAL,Sharon Nirenberg,1.6251E+12,2102933,"Removal of implant; deep (eg, buried wire, pin, screw, metal band, nail, rod or plate)",Procedure,MAPS_TO,,<auto>,1.62499E+12
non-surgical,107S2900000,ROBOTIC ASSISTED PROCEDURES,8149,,,,0.91,APPROVED,EQUAL,Sharon Nirenberg,1.6251E+12,2721175,Surgical techniques requiring use of robotic surgical system (list separately in addition to code for primary procedure),Procedure,MAPS_TO,,Sharon Nirenberg,1.6251E+12
non-surgical,1075200000,CYSTOURETHROSCOPY,2279,,,,1,APPROVED,EQUAL,Sharon Nirenberg,1.62508E+12,2109766,Cystourethroscopy (separate procedure),Procedure,MAPS_TO,,<auto>,1.62499E+12
non-surgical,1075726000,"COMBINED ANTEROPOSTERIOR COLPORRHAPHY, INCLUDING CYSTOURETHROSCOPY, WHEN PERFORMED",580,,,,1,APPROVED,EQUAL,Sharon Nirenberg,1.6251E+12,2110110,"Combined anteroposterior colporrhaphy, including cystourethroscopy, when performed",Procedure,MAPS_TO,,<auto>,1.62499E+12
non-surgical,1074537800,DIAGNOSTIC FLEXIBLE COLONOSCOPY PROXIMAL TO SPLENIC FLEXURE WITH COLLECTION OF SPECIMEN BY WASHING AND COLON DECOMPRESSION,44191,,,,1,APPROVED,EQUAL,Sharon Nirenberg,1.62501E+12,2109194,"Colonoscopy, flexible; diagnostic, including collection of specimen(s) by brushing or washing, when performed (separate procedure)",Procedure,MAPS_TO,,<auto>,1.62499E+12
non-surgical,21,LUMBAR OR SCARAL (CAUDAL) EPIDURAL STEROID INJECTION,814,,,,0.66,APPROVED,EQUAL,Sharon Nirenberg,1.6251E+12,42628690,"Injection(s), of diagnostic or therapeutic substance(s) (eg, anesthetic, antispasmodic, opioid, steroid, other solution), not including neurolytic substances, including needle or catheter placement, interlaminar epidural or subarachnoid, lumbar or sacral ",Procedure,MAPS_TO,,Sharon Nirenberg,1.6251E+12
non-surgical,24,"ULTRASONIC GUIDANCE, INTRAOPERATIVE",1014,,,,1,APPROVED,EQUAL,Sharon Nirenberg,1.6251E+12,2211794,"Ultrasonic guidance, intraoperative",Procedure,MAPS_TO,,<auto>,1.62499E+12
non-surgical,1074950500,REPAIR OF REDUCIBLE INGUINAL HERNIA,2055,,,,1,APPROVED,EQUAL,Sharon Nirenberg,1.62509E+12,2109489,"Repair initial inguinal hernia, age 5 years or older; reducible",Procedure,MAPS_TO,,Sharon Nirenberg,1.62509E+12
non-surgical,1073722700,UNILATERAL PERCUTANEOUS ENDOVASCULAR REVASCULARIZATION OF POPLITEAL ARTERY WITH TRANSLUMINAL STENT PLACEMENT AND ATHERECTOMY WITH ANGIOPLASTY,1014,,,,1,APPROVED,EQUAL,Sharon Nirenberg,1.6251E+12,40757117,"Revascularization, endovascular, open or percutaneous, femoral, popliteal artery(s), unilateral; with transluminal stent placement(s) and atherectomy, includes angioplasty within the same vessel, when performed",Procedure,MAPS_TO,,<auto>,1.62499E+12
non-surgical,1074628800,CLOSURE OF ANAL FISTULA WITH RECTAL ADVANCEMENT FLAP,558,,,,1,APPROVED,EQUAL,Sharon Nirenberg,1.6251E+12,2109256,Closure of anal fistula with rectal advancement flap,Procedure,MAPS_TO,,<auto>,1.62499E+12
non-surgical,1072828500,CORRECTION OF HAMMERTOE WITH PARTIAL PHALANGECTOMY,933,,,,1,APPROVED,EQUAL,Sharon Nirenberg,1.6251E+12,2105626,"Correction, hammertoe (eg, interphalangeal fusion, partial or total phalangectomy)",Procedure,MAPS_TO,,<auto>,1.62499E+12
non-surgical,1076698400,"EXTRACAPSULAR CATARACT REMOVAL WITH INSERTION OF INTRAOCULAR LENS PROSTHESIS (1 STAGE PROCEDURE), MANUAL OR MECHANICAL TECHNIQUE (EG, IRRIGATION AND ASPIRATION OR PHACOEMULSIFICATION); WITHOUT ENDOSCO",694,,,,0.95,APPROVED,EQUAL,Sharon Nirenberg,1.6251E+12,2111015,"Extracapsular cataract removal with insertion of intraocular lens prosthesis (1 stage procedure), manual or mechanical technique (eg, irrigation and aspiration or phacoemulsification); without endoscopic cyclophotocoagulation",Procedure,MAPS_TO,,<auto>,1.62499E+12
non-surgical,1071510000,"SPLIT-THICKNESS AUTOGRAFT, TRUNK, ARMS, LEGS; FIRST 100 SQ CM OR LESS, OR 1% OF BODY AREA OF INFANTS AND CHILDREN (EXCEPT 15050)",951,,,,1,APPROVED,EQUAL,Sharon Nirenberg,1.6251E+12,2102277,"Split-thickness autograft, trunk, arms, legs; first 100 sq cm or less, or 1% of body area of infants and children (except 15050)",Procedure,MAPS_TO,,<auto>,1.62499E+12
non-surgical,1074900000,"EXPLORATORY LAPAROTOMY, EXPLORATORY CELIOTOMY WITH OR WITHOUT BIOPSY(S) (SEPARATE PROCEDURE)",2980,,,,1,APPROVED,EQUAL,Sharon Nirenberg,1.62501E+12,2109428,"Exploratory laparotomy, exploratory celiotomy with or without biopsy(s) (separate procedure)",Procedure,MAPS_TO,,<auto>,1.62499E+12
non-surgical,1076050000,PARATHYROIDECTOMY,930,,,,1,APPROVED,EQUAL,Sharon Nirenberg,1.6251E+12,2110383,Parathyroidectomy or exploration of parathyroid(s),Procedure,MAPS_TO,,Sharon Nirenberg,1.6251E+12
non-surgical,1072724500,OPEN REDUCTION OF SUBTROCHANTERIC FRACTURE OF FEMUR WITH FIXATION USING INTRAMEDULLARY IMPLANT AND INTERLOCKING SCREWS,1076,,,,1,APPROVED,EQUAL,Sharon Nirenberg,1.6251E+12,2104918,"Treatment of intertrochanteric, peritrochanteric, or subtrochanteric femoral fracture; with intramedullary implant, with or without interlocking screws and/or cerclage",Procedure,MAPS_TO,,<auto>,1.62499E+12
non-surgical,1072261400,ARTHRODESIS OF VERTEBRAL SEGMENT BY POSTEROLATERAL TECHNIQUE,1170,,,,1,APPROVED,EQUAL,Sharon Nirenberg,1.6251E+12,2103519,"Arthrodesis, posterior or posterolateral technique, single level; each additional vertebral segment (List separately in addition to code for primary procedure)",Procedure,MAPS_TO,,<auto>,1.62499E+12
non-surgical,1073162200,DIAGNOSTIC RIGID BRONCHOSCOPY WITH CELL WASHING USING FLUOROSCOPIC GUIDANCE,998,,,,1,APPROVED,EQUAL,Sharon Nirenberg,1.6251E+12,2106584,"Bronchoscopy, rigid or flexible, including fluoroscopic guidance, when performed; diagnostic, with cell washing, when performed (separate procedure)",Procedure,MAPS_TO,,<auto>,1.62499E+12
non-surgical,24,"ULTRASONIC GUIDANCE, INTRAOPERATIVE",1014,,,,1,APPROVED,EQUAL,Sharon Nirenberg,1.6251E+12,2211794,"Ultrasonic guidance, intraoperative",Procedure,MAPS_TO,,<auto>,1.62499E+12
non-surgical,1073353500,CORONARY ARTERY BYPASS USING 3 ARTERIAL GRAFTS,2000,,,,1,APPROVED,EQUAL,Sharon Nirenberg,1.62509E+12,2107243,"Coronary artery bypass, using arterial graft(s); 3 coronary arterial grafts",Procedure,MAPS_TO,,<auto>,1.62499E+12
non-surgical,1074932000,"DIAGNOSTIC LAPAROSCOPY OF ABDOMEN, PERITONEUM, AND OMENTUM WITH COLLECTION OF SPECIMEN BY WASHING",3469,,,,1,APPROVED,EQUAL,Sharon Nirenberg,1.62501E+12,2109451,"Laparoscopy, abdomen, peritoneum, and omentum, diagnostic, with or without collection of specimen(s) by brushing or washing (separate procedure)",Procedure,MAPS_TO,,<auto>,1.62499E+12
non-surgical,1073346400,TRICUSPID VALVULOPLASTY USING PROSTHETIC RING,1100,,,,1,APPROVED,EQUAL,Sharon Nirenberg,1.6251E+12,2107175,"Valvuloplasty, tricuspid valve; with ring insertion",Procedure,MAPS_TO,,<auto>,1.62499E+12
non-surgical,1074956000,REPAIR OF REDUCIBLE VENTRAL HERNIA,949,,,,1,APPROVED,EQUAL,Sharon Nirenberg,1.6251E+12,2109499,Repair initial incisional or ventral hernia; reducible,Procedure,MAPS_TO,,<auto>,1.62499E+12
non-surgical,21,LUMBAR OR SCARAL (CAUDAL) EPIDURAL STEROID INJECTION,814,,,,0.66,APPROVED,EQUAL,Sharon Nirenberg,1.6251E+12,42628690,"Injection(s), of diagnostic or therapeutic substance(s) (eg, anesthetic, antispasmodic, opioid, steroid, other solution), not including neurolytic substances, including needle or catheter placement, interlaminar epidural or subarachnoid, lumbar or sacral ",Procedure,MAPS_TO,,Sharon Nirenberg,1.6251E+12
non-surgical,1072829600,CORRECTION OF HALLUX VALGUS WITH METATARSAL OSTEOTOMY AND SESAMOIDECTOMY,576,,,,1,APPROVED,EQUAL,Sharon Nirenberg,1.6251E+12,2105644,"Correction, hallux valgus (bunionectomy), with sesamoidectomy, when performed; with distal metatarsal osteotomy, any method",Procedure,MAPS_TO,,<auto>,1.62499E+12
non-surgical,1075059000,LITHOTRIPSY USING EXTRACORPOREAL SHOCK WAVE,633,,,,1,APPROVED,EQUAL,Sharon Nirenberg,1.6251E+12,2109635,"Lithotripsy, extracorporeal shock wave",Procedure,MAPS_TO,,<auto>,1.62499E+12
non-surgical,1075984100,INDUCTION OF ABORTION BY DILATION AND EVACUATION,693,,,,1,APPROVED,EQUAL,Sharon Nirenberg,1.6251E+12,2110330,"Induced abortion, by dilation and evacuation",Procedure,MAPS_TO,,<auto>,1.62499E+12
non-surgical,1073046500,REPAIR OF NASAL VESTIBULAR STENOSIS,642,,,,1,APPROVED,EQUAL,Sharon Nirenberg,1.6251E+12,2106241,"Repair of nasal vestibular stenosis (eg, spreader grafting, lateral nasal wall reconstruction)",Procedure,MAPS_TO,,<auto>,1.62499E+12
non-surgical,1074326000,DIAGNOSTIC ENDOSCOPIC RETROGRADE CHOLANGIOPANCREATOGRAPHY WITH COLLECTION OF SPECIMEN BY WASHING,2199,,,,1,APPROVED,EQUAL,Sharon Nirenberg,1.62508E+12,2108905,"Endoscopic retrograde cholangiopancreatography (ERCP); diagnostic, including collection of specimen(s) by brushing or washing, when performed (separate procedure)",Procedure,MAPS_TO,,<auto>,1.62499E+12
non-surgical,1074323500,DIAGNOSTIC UPPER GASTROINTESTINAL ENDOSCOPY WITH COLLECTION OF SPECIMEN BY WASHING,26821,,,,1,APPROVED,EQUAL,Sharon Nirenberg,1.62501E+12,2108883,"Esophagogastroduodenoscopy, flexible, transoral; diagnostic, including collection of specimen(s) by brushing or washing, when performed (separate procedure)",Procedure,MAPS_TO,,<auto>,1.62499E+12
non-surgical,1076025200,SUBTOTAL THYROIDECTOMY WITH DISSECTION OF NECK,1167,,,,1,APPROVED,EQUAL,Sharon Nirenberg,1.6251E+12,2110372,"Thyroidectomy, total or subtotal for malignancy; with limited neck dissection",Procedure,MAPS_TO,,<auto>,1.62499E+12
non-surgical,1072193100,"EXCISION OF SUBCUTANEOUS TUMOR OF SOFT TISSUE OF FLANK, 3 CENTIMETERS OR GREATER",553,,,,1,APPROVED,EQUAL,Sharon Nirenberg,1.6251E+12,40756933,"Excision, tumor, soft tissue of back or flank, subcutaneous; 3 cm or greater",Procedure,MAPS_TO,,<auto>,1.62499E+12
non-surgical,1073725200,INTRAVASCULAR ULTRASOUND DURING DIAGNOSTIC EVALUATION,974,,,,1,APPROVED,EQUAL,Sharon Nirenberg,1.6251E+12,42628581,"Intravascular ultrasound (noncoronary vessel) during diagnostic evaluation and/or therapeutic intervention, including radiological supervision and interpretation; initial noncoronary vessel (List separately in addition to code for primary procedure)",Procedure,MAPS_TO,,<auto>,1.62499E+12
non-surgical,1075951400,CESAREAN DELIVERY,12967,,,,1,APPROVED,EQUAL,Sharon Nirenberg,1.62501E+12,2110316,Cesarean delivery only,Procedure,MAPS_TO,,<auto>,1.62499E+12
non-surgical,1075830000,INSERTION OF INTRAUTERINE DEVICE,859,,,,1,APPROVED,EQUAL,Sharon Nirenberg,1.6251E+12,2110194,Insertion of intrauterine device (IUD),Procedure,MAPS_TO,,Sharon Nirenberg,1.6251E+12
non-surgical,1074377500,SURGICAL LAPAROSCOPY WITH LONGITUDINAL GASTRECTOMY,3453,,,,1,APPROVED,EQUAL,Sharon Nirenberg,1.62501E+12,40756884,"Laparoscopy, surgical, gastric restrictive procedure; longitudinal gastrectomy (ie, sleeve gastrectomy)",Procedure,MAPS_TO,,<auto>,1.62499E+12
non-surgical,1073852500,OPEN BIOPSY OF DEEP AXILLARY LYMPH NODE,2493,,,,1,APPROVED,EQUAL,Sharon Nirenberg,1.62507E+12,2108469,"Biopsy or excision of lymph node(s); open, deep axillary node(s)",Procedure,MAPS_TO,,<auto>,1.62499E+12
non-surgical,1075224000,"CYSTOURETHROSCOPY WITH RESECTION OF BLADDER TUMOR, GREATER THAN 5.0 CM",1211,,,,1,APPROVED,EQUAL,Sharon Nirenberg,1.6251E+12,2109776,"Cystourethroscopy, with fulguration (including cryosurgery or laser surgery) and/or resection of; LARGE bladder tumor(s)",Procedure,MAPS_TO,,<auto>,1.62499E+12
non-surgical,1073160000,TRACHEOSTOMY,1209,,,,1,APPROVED,EQUAL,Sharon Nirenberg,1.6251E+12,2106562,"Tracheostomy, planned (separate procedure)",Procedure,MAPS_TO,,Sharon Nirenberg,1.6251E+12
non-surgical,1072605500,INCISION OF TENDON SHEATH OF FINGER FOR TRIGGER FINGER,586,,,,1,APPROVED,EQUAL,Sharon Nirenberg,1.6251E+12,2104393,"Tendon sheath incision (eg, for trigger finger)",Procedure,MAPS_TO,,<auto>,1.62499E+12
non-surgical,1075416100,CIRCUMCISION BY SURGICAL EXCISION IN PATIENT MORE THAN 28 DAYS OLD,1585,,,,1,APPROVED,EQUAL,Sharon Nirenberg,1.62509E+12,2109919,"Circumcision, surgical excision other than clamp, device, or dorsal slit; older than 28 days of age",Procedure,MAPS_TO,,<auto>,1.62499E+12
non-surgical,1075008100,"PERCUTANEOUS NEPHROSTOLITHOTOMY OR PYELOSTOLITHOTOMY, WITH OR WITHOUT DILATION, ENDOSCOPY, LITHOTRIPSY, STENTING, OR BASKET EXTRACTION; OVER 2 CM",1073,,,,1,APPROVED,EQUAL,Sharon Nirenberg,1.6251E+12,2109558,"Percutaneous nephrostolithotomy or pyelostolithotomy, with or without dilation, endoscopy, lithotripsy, stenting, or basket extraction; over 2 cm",Procedure,MAPS_TO,,<auto>,1.62499E+12
non-surgical,1072988800,SURGICAL ARTHROSCOPY OF KNEE WITH REPAIR OF ANTERIOR CRUCIATE LIGAMENT,574,,,,1,APPROVED,EQUAL,Sharon Nirenberg,1.6251E+12,2106052,Arthroscopically aided anterior cruciate ligament repair/augmentation or reconstruction,Procedure,MAPS_TO,,<auto>,1.62499E+12
non-surgical,1073656100,INSERTION OF TUNNELED CENTRALLY INSERTED CENTRAL VENOUS CATHETER WITH SUBCUTANEOUS PORT,1082,,,,1,APPROVED,EQUAL,Sharon Nirenberg,1.6251E+12,2108204,"Insertion of tunneled centrally inserted central venous access device, with subcutaneous port; age 5 years or older",Procedure,MAPS_TO,,<auto>,1.62499E+12
non-surgical,1074324600,UPPER GASTROINTESTINAL ENDOSCOPY WITH DIRECTED PLACEMENT OF PERCUTANEOUS GASTROSTOMY TUBE,2162,,,,1,APPROVED,EQUAL,Sharon Nirenberg,1.62508E+12,2108894,"Esophagogastroduodenoscopy, flexible, transoral; with directed placement of percutaneous gastrostomy tube",Procedure,MAPS_TO,,<auto>,1.62499E+12
non-surgical,1072984800,SURGICAL ARTHROSCOPY OF WRIST WITH RELEASE OF TRANSVERSE CARPAL LIGAMENT,660,,,,1,APPROVED,EQUAL,Sharon Nirenberg,1.6251E+12,2105994,"Endoscopy, wrist, surgical, with release of transverse carpal ligament",Procedure,MAPS_TO,,<auto>,1.62499E+12
non-surgical,1072560900,OPEN REDUCTION OF INTRA ARTICULAR FRACTURE OF DISTAL RADIUS WITH INTERNAL FIXATION OF 3 OR MORE FRAGMENTS,631,,,,1,APPROVED,EQUAL,Sharon Nirenberg,1.6251E+12,2104293,Open treatment of distal radial intra-articular fracture or epiphyseal separation; with internal fixation of 3 or more fragments,Procedure,MAPS_TO,,<auto>,1.62499E+12
non-surgical,1072263300,"ARTHRODESIS OF SINGLE LUMBAR VERTEBRAL SEGMENT BY COMBINED POSTEROLATERAL TECHNIQUE AND POSTERIOR INTERBODY TECHNIQUE, WITH DISCECTOMY",948,,,,1,APPROVED,EQUAL,Sharon Nirenberg,1.6251E+12,42742494,"Arthrodesis, combined posterior or posterolateral technique with posterior interbody technique including laminectomy and/or discectomy sufficient to prepare interspace (other than for decompression), single interspace and segment; lumbar",Procedure,MAPS_TO,,<auto>,1.62499E+12
non-surgical,1071583000,"EXCISION, EXCESSIVE SKIN AND SUBCUTANEOUS TISSUE (INCLUDES LIPECTOMY); ABDOMEN INFRAUMBILICAL PANNICULECTOMY",639,,,,0.98,APPROVED,EQUAL,Sharon Nirenberg,1.6251E+12,2102476,"Excision, excessive skin and subcutaneous tissue (includes lipectomy); abdomen, infraumbilical panniculectomy",Procedure,MAPS_TO,,<auto>,1.62499E+12
non-surgical,1074756300,SURGICAL LAPAROSCOPY WITH CHOLECYSTECTOMY AND CHOLANGIOGRAPHY,1207,,,,1,APPROVED,EQUAL,Sharon Nirenberg,1.6251E+12,2109364,"Laparoscopy, surgical; cholecystectomy with cholangiography",Procedure,MAPS_TO,,<auto>,1.62499E+12
non-surgical,1072160000,PARTIAL EXCISION OF RIB,658,,,,1,APPROVED,EQUAL,Sharon Nirenberg,1.6251E+12,2103359,"Excision of rib, partial",Procedure,MAPS_TO,,Sharon Nirenberg,1.6251E+12
non-surgical,1073857200,SURGICAL LAPAROSCOPY WITH BILATERAL EXCISION OF ALL PELVIC LYMPH NODES AND BIOPSY OF PERIAORTIC LYMPH NODE,552,,,,1,APPROVED,EQUAL,Sharon Nirenberg,1.6251E+12,2108478,"Laparoscopy, surgical; with bilateral total pelvic lymphadenectomy and peri-aortic lymph node sampling (biopsy), single or multiple",Procedure,MAPS_TO,,<auto>,1.62499E+12
non-surgical,1071930300,SIMPLE TOTAL MASTECTOMY,1696,,,,1,APPROVED,EQUAL,Sharon Nirenberg,1.62509E+12,2102732,"Mastectomy, simple, complete",Procedure,MAPS_TO,,<auto>,1.62499E+12
non-surgical,1077571000,"ANGIOGRAPHY, EXTREMITY, UNILATERAL, RADIOLOGICAL SUPERVISION AND INTERPRETATION",2473,,,,1,APPROVED,EQUAL,Sharon Nirenberg,1.62507E+12,2211596,"Angiography, extremity, unilateral, radiological supervision and interpretation",Procedure,MAPS_TO,,<auto>,1.62499E+12
non-surgical,1071936400,"BREAST RECONSTRUCTION WITH FREE FLAP (EG, FTRAM, DIEP, SIEA, GAP FLAP)",513,,,,0.53,APPROVED,EQUAL,Sharon Nirenberg,1.6251E+12,2102759,Breast reconstruction with free flap,Procedure,MAPS_TO,,<auto>,1.62499E+12
non-surgical,1072260000,ARTHRODESIS OF CERVICAL VERTEBRAL SEGMENT BELOW C2 BY POSTEROLATERAL TECHNIQUE,583,,,,1,APPROVED,EQUAL,Sharon Nirenberg,1.6251E+12,2103516,"Arthrodesis, posterior or posterolateral technique, single level; cervical below C2 segment",Procedure,MAPS_TO,,<auto>,1.62499E+12
non-surgical,1076448400,"INJECTION(S), ANESTHETIC AGENT(S) AND/OR STEROID; TRANSFORAMINAL EPIDURAL, WITH IMAGING GUIDANCE (FLUOROSCOPY OR CT), LUMBAR OR SACRAL",636,,,,0.84,APPROVED,EQUAL,Sharon Nirenberg,1.6251E+12,2110775,"Injection(s), anesthetic agent and/or steroid, transforaminal epidural, with imaging guidance (fluoroscopy or CT); lumbar or sacral, each additional level (List separately in addition to code for primary procedure)",Procedure,MAPS_TO,,Sharon Nirenberg,1.6251E+12
non-surgical,1075036000,IMPLANTATION OF RENAL ALLOGRAFT WITHOUT RECIPIENT NEPHRECTOMY,573,,,,1,APPROVED,EQUAL,Sharon Nirenberg,1.6251E+12,2109586,"Renal allotransplantation, implantation of graft; without recipient nephrectomy",Procedure,MAPS_TO,,<auto>,1.62499E+12
non-surgical,1071938000,"REVISION OF RECONSTRUCTED BREAST (EG, SIGNIFICANT REMOVAL OF TISSUE, RE-ADVANCEMENT AND/OR RE-INSET OF FLAPS IN AUTOLOGOUS RECONSTRUCTION)",856,,,,0.44,APPROVED,EQUAL,Sharon Nirenberg,1.6251E+12,2102776,Revision of reconstructed breast,Procedure,MAPS_TO,,Sharon Nirenberg,1.6251E+12
non-surgical,1072347200,TOTAL ARTHROPLASTY OF GLENOHUMERAL JOINT WITH GLENOID AND PROXIMAL HUMERAL REPLACEMENT,625,,,,1,APPROVED,EQUAL,Sharon Nirenberg,1.6251E+12,2103716,"Arthroplasty, glenohumeral joint; total shoulder (glenoid and proximal humeral replacement (eg, total shoulder))",Procedure,MAPS_TO,,<auto>,1.62499E+12
non-surgical,1074497000,SURGICAL LAPAROSCOPY WITH APPENDECTOMY,2382,,,,1,APPROVED,EQUAL,Sharon Nirenberg,1.62507E+12,2109144,"Laparoscopy, surgical, appendectomy",Procedure,MAPS_TO,,<auto>,1.62499E+12
non-surgical,1074650500,CHEMODENERVATION OF INTERNAL ANAL SPHINCTER,506,,,,1,APPROVED,EQUAL,Sharon Nirenberg,1.6251E+12,2109259,Chemodenervation of internal anal sphincter,Procedure,MAPS_TO,,<auto>,1.62499E+12
non-surgical,19,"MUSCLE, MYOCUTANEOUS, OR FASCIOCUTANEOUS FLAP; HEAD AND NECK WITH NAMED VASCULAR PEDICLE (IE, BUCCINATORS, GENIOGLOSSUS, TEMPORALIS, MASSETER, STERNOCLEIDOMASTOID, LEVATOR SCAPULAE)",609,,,,1,APPROVED,EQUAL,Sharon Nirenberg,1.6251E+12,725029,"Muscle, myocutaneous, or fasciocutaneous flap; head and neck with named vascular pedicle (ie, buccinators, genioglossus, temporalis, masseter, sternocleidomastoid, levator scapulae)",Procedure,MAPS_TO,,<auto>,1.62499E+12
non-surgical,1073690200,"TRANSLUMINAL BALLOON ANGIOPLASTY,PERCUTANEOUS;AORTIC",527,,,,0.68,APPROVED,EQUAL,Sharon Nirenberg,1.6251E+12,2107798,"Transluminal balloon angioplasty, percutaneous; aortic",Procedure,MAPS_TO,,<auto>,1.62499E+12
non-surgical,1073353300,CORONARY ARTERY BYPASS USING SINGLE ARTERIAL GRAFT,580,,,,1,APPROVED,EQUAL,Sharon Nirenberg,1.6251E+12,2107231,"Coronary artery bypass, using arterial graft(s); single arterial graft",Procedure,MAPS_TO,,<auto>,1.62499E+12
non-surgical,1076304700,"UNILATERAL LAMINECTOMY, FACETECTOMY, AND FORAMINOTOMY OF SINGLE VERTEBRA OF LUMBAR SPINE WITH DECOMPRESSION OF SPINAL CORD AND NERVE ROOT",2152,,,,1,APPROVED,EQUAL,Sharon Nirenberg,1.62509E+12,2110652,"Laminectomy, facetectomy and foraminotomy (unilateral or bilateral with decompression of spinal cord, cauda equina and/or nerve root[s], [eg, spinal or lateral recess stenosis]), single vertebral segment; lumbar",Procedure,MAPS_TO,,<auto>,1.62499E+12
non-surgical,1075260100,COMPLETE ELECTROSURGICAL RESECTION OF PROSTATE BY TRANSURETHRAL APPROACH WITH CONTROL OF POSTOPERATIVE BLEEDING,1565,,,,1,APPROVED,EQUAL,Sharon Nirenberg,1.62509E+12,2109825,"Transurethral electrosurgical resection of prostate, including control of postoperative bleeding, complete (vasectomy, meatotomy, cystourethroscopy, urethral calibration and/or dilation, and internal urethrotomy are included)",Procedure,MAPS_TO,,<auto>,1.62499E+12
non-surgical,1073722800,UNILATERAL PERCUTANEOUS ENDOVASCULAR REVASCULARIZATION OF TIBIAL ARTERY WITH TRANSLUMINAL ANGIOPLASTY,574,,,,1,APPROVED,EQUAL,Sharon Nirenberg,1.6251E+12,40756856,"Revascularization, endovascular, open or percutaneous, tibial, peroneal artery, unilateral, initial vessel; with transluminal angioplasty",Procedure,MAPS_TO,,<auto>,1.62499E+12
non-surgical,1074420700,SURGICAL LAPAROSCOPY WITH PARTIAL COLECTOMY AND COLOPROCTOSTOMY,511,,,,1,APPROVED,EQUAL,Sharon Nirenberg,1.6251E+12,2109068,"Laparoscopy, surgical; colectomy, partial, with anastomosis, with coloproctostomy (low pelvic anastomosis)",Procedure,MAPS_TO,,<auto>,1.62499E+12
non-surgical,1074412000,RESECTION AND ANASTOMOSIS OF SMALL INTESTINE,634,,,,1,APPROVED,EQUAL,Sharon Nirenberg,1.6251E+12,2109028,"Enterectomy, resection of small intestine; single resection and anastomosis",Procedure,MAPS_TO,,<auto>,1.62499E+12
non-surgical,1071935000,RECONSTRUCTION OF NIPPLE AND AREOLA,502,,,,1,APPROVED,EQUAL,Sharon Nirenberg,1.6251E+12,2102755,Nipple/areola reconstruction,Procedure,MAPS_TO,,<auto>,1.62499E+12
non-surgical,1074438500,DIAGNOSTIC ENDOSCOPIC EVALUATION OF SMALL INTESTINAL ABDOMINAL POUCH WITH COLLECTION OF SPECIMEN BY WASHING,653,,,,1,APPROVED,EQUAL,Sharon Nirenberg,1.6251E+12,2109105,"Endoscopic evaluation of small intestinal pouch (eg, Kock pouch, ileal reservoir [S or J]); diagnostic, including collection of specimen(s) by brushing or washing, when performed (separate procedure)",Procedure,MAPS_TO,,<auto>,1.62499E+12
non-surgical,1076051200,AUTOTRANSPLANTATION OF PARATHYROID,1532,,,,1,APPROVED,EQUAL,Sharon Nirenberg,1.62509E+12,2110386,Parathyroid autotransplantation (List separately in addition to code for primary procedure),Procedure,MAPS_TO,,<auto>,1.62499E+12
non-surgical,1073851000,OPEN BIOPSY OF DEEP CERVICAL LYMPH NODE,523,,,,1,APPROVED,EQUAL,Sharon Nirenberg,1.6251E+12,2108467,"Biopsy or excision of lymph node(s); open, deep cervical node(s)",Procedure,MAPS_TO,,<auto>,1.62499E+12
non-surgical,1076178100,STEREOTACTIC COMPUTER-ASSISTED CRANIAL INTRADURAL PROCEDURE,1510,,,,1,APPROVED,EQUAL,Sharon Nirenberg,1.62509E+12,40757119,"Stereotactic computer-assisted (navigational) procedure; cranial, intradural (List separately in addition to code for primary procedure)",Procedure,MAPS_TO,,<auto>,1.62499E+12
non-surgical,1076303000,"HEMILAMINECTOMY, PARTIAL FACETECTOMY, AND FORAMINOTOMY OF LUMBAR SPINE WITH EXCISION OF HERNIATED INTERVERTEBRAL DISC AND DECOMPRESSION OF NERVE ROOT",1629,,,,1,APPROVED,EQUAL,Sharon Nirenberg,1.62509E+12,2110644,"Laminotomy (hemilaminectomy), with decompression of nerve root(s), including partial facetectomy, foraminotomy and/or excision of herniated intervertebral disc; 1 interspace, lumbar",Procedure,MAPS_TO,,Sharon Nirenberg,1.62509E+12
non-surgical,39,"NASALSINUS ENDOSCOPY,SURGICAL WITH ETHMOIDECTOMY; TOTAL (ANTERIOR AND POSTERIOR),INCLUDING FRONTAL SINUS EXPLORATION,WITH REMOVAL OF TISSUE FROM FRONTAL SINUS,WHEN PERFORMED",518,,,,0.74,APPROVED,EQUAL,Sharon Nirenberg,1.6251E+12,725032,"Nasal/sinus endoscopy, surgical with ethmoidectomy; total (anterior and posterior), including frontal sinus exploration, with removal of tissue from frontal sinus, when performed",Procedure,MAPS_TO,,<auto>,1.62499E+12
non-surgical,1074189900,PROCEDURE ON DENTOALVEOLAR STRUCTURE,1620,,,,1,APPROVED,EQUAL,Sharon Nirenberg,1.62509E+12,2108714,"Unlisted procedure, dentoalveolar structures",Procedure,MAPS_TO,,<auto>,1.62499E+12
non-surgical,180,"GRAFTING OF AUTOLOGOUS FAT HARVESTED BY LIPOSUCTION TECHNIQUE TO TRUNK,BREASTS,SCALP,ARMS,AND/OR LEGS; 50 CC OR LESS INJECTATE",572,,,,0.8,APPROVED,EQUAL,Sharon Nirenberg,1.6251E+12,709941,"Grafting of autologous fat harvested by liposuction technique to trunk, breasts, scalp, arms, and/or legs; 50 cc or less injectate",Procedure,MAPS_TO,,<auto>,1.62499E+12
non-surgical,1073124000,SURGICAL ENDOSCOPY OF NOSE WITH CONCHA BULLOSA RESECTION,509,,,,1,APPROVED,EQUAL,Sharon Nirenberg,1.6251E+12,2106405,"Nasal/sinus endoscopy, surgical; with concha bullosa resection",Procedure,MAPS_TO,,<auto>,1.62499E+12
non-surgical,1075440500,"INSERTION OF MULTI-COMPONENT INFLATABLE PENILE PROSTHESIS WITH PLACEMENT OF PUMP, CYLINDERS, AND RESERVOIR",834,,,,1,APPROVED,EQUAL,Sharon Nirenberg,1.6251E+12,2109954,"Insertion of multi-component, inflatable penile prosthesis, including placement of pump, cylinders, and reservoir",Procedure,MAPS_TO,,<auto>,1.62499E+12
non-surgical,1071404000,"TRANSFER OF ADJACENT TISSUE FOR REPAIR OF DEFECT OF NECK, 10 SQ CM OR LESS",614,,,,1,APPROVED,EQUAL,Sharon Nirenberg,1.6251E+12,2102253,"Adjacent tissue transfer or rearrangement, forehead, cheeks, chin, mouth, neck, axillae, genitalia, hands and/or feet; defect 10 sq cm or less",Procedure,MAPS_TO,,<auto>,1.62499E+12
non-surgical,1075752200,EXCISION OF CERVIX USING LOOP ELECTRODE WITH FULGURATION AND REPAIR,508,,,,1,APPROVED,EQUAL,Sharon Nirenberg,1.6251E+12,2110155,"Conization of cervix, with or without fulguration, with or without dilation and curettage, with or without repair; loop electrode excision",Procedure,MAPS_TO,,<auto>,1.62499E+12
non-surgical,1072982700,"ARTHROSCOPY, SHOULDER, SURGICAL; WITH ROTATOR CUFF REPAIR",1513,,,,1,APPROVED,EQUAL,Sharon Nirenberg,1.62509E+12,2105960,"Arthroscopy, shoulder, surgical; with rotator cuff repair",Procedure,MAPS_TO,,<auto>,1.62499E+12
non-surgical,1072285300,INSERTION OF INTERBODY BIOMECHANICAL DEVICE(S) WITH INTEGRAL ANTERIOR INSTRUMENTATION,1753,,,,0.66,APPROVED,EQUAL,Sharon Nirenberg,1.62509E+12,42628053,"Insertion of interbody biomechanical device(s) (eg, synthetic cage, mesh) with integral anterior instrumentation for device anchoring (eg, screws, flanges), when performed, to intervertebral disc space in conjunction with interbody arthrodesis, each inter",Procedure,MAPS_TO,,<auto>,1.62499E+12
non-surgical,1074325900,"UPPER GASTROINTESTINAL ENDOSCOPY WITH ENDOSCOPIC ULTRASOUND EXAMINATION OF ESOPHAGUS, STOMACH, AND JEJUNUM",2134,,,,1,APPROVED,EQUAL,Sharon Nirenberg,1.62509E+12,2108904,"Esophagogastroduodenoscopy, flexible, transoral; with endoscopic ultrasound examination, including the esophagus, stomach, and either the duodenum or a surgically altered stomach where the jejunum is examined distal to the anastomosis",Procedure,MAPS_TO,,<auto>,1.62499E+12
non-surgical,19,"MUSCLE, MYOCUTANEOUS, OR FASCIOCUTANEOUS FLAP; HEAD AND NECK WITH NAMED VASCULAR PEDICLE (IE, BUCCINATORS, GENIOGLOSSUS, TEMPORALIS, MASSETER, STERNOCLEIDOMASTOID, LEVATOR SCAPULAE)",609,,,,1,APPROVED,EQUAL,Sharon Nirenberg,1.6251E+12,725029,"Muscle, myocutaneous, or fasciocutaneous flap; head and neck with named vascular pedicle (ie, buccinators, genioglossus, temporalis, masseter, sternocleidomastoid, levator scapulae)",Procedure,MAPS_TO,,<auto>,1.62499E+12
non-surgical,1076222300,CREATION OF VENTRICULO-PLEURAL SHUNT,507,,,,1,APPROVED,EQUAL,Sharon Nirenberg,1.6251E+12,2110598,"Creation of shunt; ventriculo-peritoneal, -pleural, other terminus",Procedure,MAPS_TO,,Sharon Nirenberg,1.6251E+12
non-surgical,1075857100,"LAPAROSCOPY, SURGICAL, WITH TOTAL HYSTERECTOMY, FOR UTERUS 250 G OR LESS; WITH REMOVAL OF TUBE(S)",1504,,,,0.88,APPROVED,EQUAL,Sharon Nirenberg,1.62509E+12,2110230,"Laparoscopy, surgical, with total hysterectomy, for uterus 250 g or less; with removal of tube(s) and/or ovary(s)",Procedure,MAPS_TO,,<auto>,1.62499E+12
non-surgical,39,"NASALSINUS ENDOSCOPY,SURGICAL WITH ETHMOIDECTOMY; TOTAL (ANTERIOR AND POSTERIOR),INCLUDING FRONTAL SINUS EXPLORATION,WITH REMOVAL OF TISSUE FROM FRONTAL SINUS,WHEN PERFORMED",518,,,,0.74,APPROVED,EQUAL,Sharon Nirenberg,1.6251E+12,725032,"Nasal/sinus endoscopy, surgical with ethmoidectomy; total (anterior and posterior), including frontal sinus exploration, with removal of tissue from frontal sinus, when performed",Procedure,MAPS_TO,,<auto>,1.62499E+12
non-surgical,1073722600,UNILATERAL PERCUTANEOUS ENDOVASCULAR REVASCULARIZATION OF POPLITEAL ARTERY WITH TRANSLUMINAL STENT PLACEMENT,1560,,,,1,APPROVED,EQUAL,Sharon Nirenberg,1.62509E+12,40757050,"Revascularization, endovascular, open or percutaneous, femoral, popliteal artery(s), unilateral; with transluminal stent placement(s), includes angioplasty within the same vessel, when performed",Procedure,MAPS_TO,,<auto>,1.62499E+12
non-surgical,1074628000,SURGICAL TREATMENT OF TRANSSPHINCTERIC ANAL FISTULA WITH PLACEMENT OF SETON,562,,,,1,APPROVED,EQUAL,Sharon Nirenberg,1.6251E+12,2109254,"Surgical treatment of anal fistula (fistulectomy/fistulotomy); transsphincteric, suprasphincteric, extrasphincteric or multiple, including placement of seton, when performed",Procedure,MAPS_TO,,<auto>,1.62499E+12
non-surgical,1076449300,"INJECTION, DIAGOSTIC OR THERAPEUTIC AGENT INTO NERVE OF SACRAL OR LUMBAR PARAVERTEBRAL FACET JOINT USING CT GUIDANCE",518,,,,0.87,APPROVED,EQUAL,Sharon Nirenberg,1.6251E+12,40756835,"Injection(s), diagnostic or therapeutic agent, paravertebral facet (zygapophyseal) joint (or nerves innervating that joint) with image guidance (fluoroscopy or CT), lumbar or sacral; single level",Procedure,MAPS_TO,,<auto>,1.62499E+12
non-surgical,1072881000,AMPUTATION OF SINGLE METATARSAL AND TOE,513,,,,1,APPROVED,EQUAL,Sharon Nirenberg,1.6251E+12,2105806,"Amputation, metatarsal, with toe, single",Procedure,MAPS_TO,,<auto>,1.62499E+12
non-surgical,39,"NASALSINUS ENDOSCOPY,SURGICAL WITH ETHMOIDECTOMY; TOTAL (ANTERIOR AND POSTERIOR),INCLUDING FRONTAL SINUS EXPLORATION,WITH REMOVAL OF TISSUE FROM FRONTAL SINUS,WHEN PERFORMED",518,,,,0.74,APPROVED,EQUAL,Sharon Nirenberg,1.6251E+12,725032,"Nasal/sinus endoscopy, surgical with ethmoidectomy; total (anterior and posterior), including frontal sinus exploration, with removal of tissue from frontal sinus, when performed",Procedure,MAPS_TO,,<auto>,1.62499E+12
non-surgical,1072982600,"ARTHROSCOPY, SHOULDER, SURGICAL; DECOMPRESSION OF SUBACROMIAL SPACE WITH PARTIAL ACROMIOPLASTY, WITH CORACOACROMIAL LIGAMENT (IE, ARCH) RELEASE",1616,,,,0.82,APPROVED,EQUAL,Sharon Nirenberg,1.62509E+12,2105959,"Arthroscopy, shoulder, surgical; decompression of subacromial space with partial acromioplasty, with coracoacromial ligament (ie, arch) release, when performed (List separately in addition to code for primary procedure)",Procedure,MAPS_TO,,<auto>,1.62499E+12
non-surgical,19,"MUSCLE, MYOCUTANEOUS, OR FASCIOCUTANEOUS FLAP; HEAD AND NECK WITH NAMED VASCULAR PEDICLE (IE, BUCCINATORS, GENIOGLOSSUS, TEMPORALIS, MASSETER, STERNOCLEIDOMASTOID, LEVATOR SCAPULAE)",609,,,,1,APPROVED,EQUAL,Sharon Nirenberg,1.6251E+12,725029,"Muscle, myocutaneous, or fasciocutaneous flap; head and neck with named vascular pedicle (ie, buccinators, genioglossus, temporalis, masseter, sternocleidomastoid, levator scapulae)",Procedure,MAPS_TO,,<auto>,1.62499E+12
non-surgical,1076304800,"UNILATERAL OR BILATERAL LAMINECTOMY, FACETECTOMY, AND FORAMINOTOMY OF ADDITIONAL VERTEBRA OF THORACIC SPINE WITH DECOMPRESSION OF SPINAL CORD AND NERVE ROOT",1744,,,,0.98,APPROVED,EQUAL,Sharon Nirenberg,1.62509E+12,2110653,"Laminectomy, facetectomy and foraminotomy (unilateral or bilateral with decompression of spinal cord, cauda equina and/or nerve root[s], [eg, spinal or lateral recess stenosis]), single vertebral segment; each additional segment, cervical, thoracic, or lu",Procedure,MAPS_TO,,<auto>,1.62499E+12
non-surgical,1074364400,SURGICAL LAPAROSCOPY WITH GASTRIC BYPASS AND ROUX-EN-Y GASTROENTEROSTOMY,1701,,,,1,APPROVED,EQUAL,Sharon Nirenberg,1.62509E+12,2108974,"Laparoscopy, surgical, gastric restrictive procedure; with gastric bypass and Roux-en-Y gastroenterostomy (roux limb 150 cm or less)",Procedure,MAPS_TO,,<auto>,1.62499E+12